1;AFPU- REFORMA;AFPU;FLÁVIA;LICIT PROJ; 150,00 ; REFORMA ;N
2;BC- INSTALAÇÃO DE CALHAS;BC;CPO;OBRA CONCL; -   ; REFORMA ;N
3;BC- REFORMA DO 3º PISO DA BC;BC;GABRIELA;PROJ CONCL- AGUARD DECISÃO UNIDADE; 2.210,00 ; REFORMA ;N
4;CBMEG- REFORMA SANITÁRIOS;CBMEG;ADRIANA;EXEC OBRA; 60,00 ; REFORMA ;N
5;CDC- REFORMA SANITÁRIOS DO CENTRO DE CONVENÇÕES E GMU;CDC;ADRIANA;PROJ CONCL- AGUARD DECISÃO UNIDADE; 255,00 ; REFORMA ;N
6;CDC- REFORMAS GERAIS NO GMU;CDC;ADRIANA;PLANEJ; 589,00 ; REFORMA ;N
7;CEB - REFORMA E AMPLIAÇÃO (FINEP- CT-Infra);CEB;TEODORA;DESENV PROJ; 2.100,00 ; REFORMA E AMPLIAÇÃO ;S
8;CECOM- INTERLIGAÇÃO ELÉTRICA;CSS/CECOM;CPO;OBRA CONCL; -   ; REFORMA ;N
9;CECOM- REFORMA 1o PAVIMENTO;CSS/CECOM;CPO;OBRA CONCL; 300,00 ; REFORMA ;N
10;CEL- NOVO PRÉDIO;CEL;EDILENE;SUSPENSO- AGUARD DECISÃO UNIDADE; 615,00 ; OBRA NOVA ;S
11;CEMEQ- BARRACÃO DE MANUTENÇÃO;CEMEQ;FLÁVIA;OBRA CONCL; 100,00 ; OBRA NOVA ;N
12;CEMIB- NOVA REDE HIDRÁULICA;CEMIB;YOSHIO;OBRA CONCL; 1.997,00 ; REFORMA ;N
13;CEMIB- REFORMA E AMPLIAÇÃO (FINEP);CEMIB;MARCOS;EXEC OBRA; 568,00 ; REFORMA E AMPLIAÇÃO ;N
14;CEPAGRI- NOVO PRÉDIO-MUDCLIM (CT-INFRA 01/07);CEPAGRI;TEODORA;SUSPENSO- AGUARD DECISÃO UNIDADE; 400,00 ; OBRA NOVA ;N
15;CEPETRO- INSTALAÇÃO DE SPDA;CEPETRO;CPO;OBRA CONCL; -   ; REFORMA ;N
16;CEPETRO- LAB ALTO DESEMPENHO AMBIENTE 3D VISUALIZ CIENTIF- GALILEU (EM CONJ COM FEM E FEEC);CEPETRO;YOSHIO;LICIT OBRA; 980,00 ; OBRA NOVA ;S
17;CEPETRO- LAB. SISTEMAS MARÍTIMOS;CEPETRO;YOSHIO;EXEC OBRA; 3.050,00 ; OBRA NOVA ;N
18;CEPETRO- TORRE FACILIDADE EXPERIMENTAL;CEPETRO;YOSHIO;EXEC OBRA; 650,00 ; OBRA NOVA ;S
19;CGU - CT-INFRA- OBRAS RARAS E COLEÇÕES ESPECIAIS;CGU;ADRIANA;PROJ CONCL- AGUARD DECISÃO UNIDADE; 3.500,00 ; OBRA NOVA ;S
20;CGU - CT-INFRA- PRÉDIO TECNOLÓGICAS;CGU;GABRIELA;SUSPENSO- AGUARD DECISÃO UNIDADE; 3.000,00 ; OBRA NOVA ;S
21;CGU- LIEM- LAB. ENGENHARIA MOLECULAR;CGU;EDILENE;PROJ CONCL- AGUARD DECISÃO UNIDADE; 2.041,00 ; OBRA NOVA ;S
22;CIDDIC- REFORMA E AMPLIAÇÃO DO ANTIGO PRÉDIO DO DNI;CIDDIC;EDUARDO;AGUARD OS; 700,00 ; REFORMA E AMPLIAÇÃO ;N
23;CIDDIC- REFORMA PARTE ANTIGO PRÉDIO DO DNI- ÁREA ENSAIO ORQUESTRA;CIDDIC;TEODORA;OBRA CONCL; 300,00 ; REFORMA ;N
24;CLE- REFORMA;CLE;ADRIANA;PLANEJ; 440,00 ; REFORMA ;N
25;COMVEST- REFORMA SALA EB-8;COMVEST;ADRIANA;PROJ CONCL- ENCAMINH PARA A PREFEIT; 68,00 ; REFORMA ;N
26;CORI- ALTERAÇÃO DA LAYOUT DO POSTO CORI/SAE LOCALIZADO NO PRÉDIO DA BC;CORI;EDILENE;SUSPENSO- AGUARD DECISÃO UNIDADE; 100,00 ; REFORMA ;N
27;COTUCA- CONSTRUÇÃO DE NOVA GUARITA;COTUCA;TEODORA;LICIT OBRA; 29,00 ; OBRA NOVA ;N
28;COTUCA- PROJETO DE COMBATE A INCÊNDIO;COTUCA;YOSHIO;EXEC OBRA; 4.983,00 ; REFORMA ;N
29;COTUCA- REFORÇO ESTRUTURAL PRÉDIO PRINCIPAL;COTUCA;YOSHIO;SUSPENSO- AGUARD DECISÃO UNIDADE; -   ; REFORMA ;N
30;COTUCA- REFORMA COBERTURA;COTUCA;CPO;EXEC OBRA; 4.000,00 ; REFORMA ;N
31;COTUCA- REFORMA INST ELÉTRICAS PRÉDIOS DO COTUCA;COTUCA;MARCOS;PLANEJ; 5.500,00 ; REFORMA ;N
32;COTUCA- REFORMA LABORATÓRIO ALIMENTOS;COTUCA;YOSHIO;PROJ CONCL- ENCAMINH PARA A PREFEIT; 220,00 ; REFORMA ;N
33;COTUCA- REFORMAS NA ÁREA DAS QUADRAS;COTUCA;ADRIANA;PROJ CONCL- AGUARD DECISÃO UNIDADE; 1.000,00 ; REFORMA ;N
34;CPFLimeira- REFORMULAÇÃO ACESSOS;CPF Limeira;FLÁVIA;EXEC OBRA; -   ; REFORMA ;N
35;CPFLimeira- REMODELAÇÃO ALIMENTAÇÃO ELÉTRICA PLANTA FÍSICA DE LIMEIRA;CPF Limeira;MARCOS;EXEC OBRA; -   ; REFORMA ;N
36;CPFLimeira- SPDA PRÉDIOS PLANTA FÍSICA DE LIMEIRA;CPF Limeira;MARCOS;LICIT PROJ; -   ; REFORMA ;N
37;CPO- REFORMA SANITÁRIOS E ADEQUAÇÃO DO PRÉDIO CPO E INCAMP ÀS NORMAS DE ACESSIBILIDADE;CPO;TEODORA;DESENV PROJ; 120,00 ; REFORMA E AMPLIAÇÃO ;S
38;CPQBA - REFORMULAÇÃO SISTEMA VIÁRIO;CPQBA;EDILENE;OBRA CONCL; -   ; REFORMA ;N
39;CPQBA- AMPLIAÇÃO DO SISTEMA VIÁRIO INTERNO;CPQBA;CACÁ;LICIT OBRA; 5.000,00 ; OBRA NOVA ;N
40;CPQBA- AMPLIAÇÃO LABORATÓRIO DE MICROBIOLOGIA;CPQBA;YOSHIO;SUSPENSO- AGUARD DECISÃO UNIDADE; 180,00 ; AMPLIAÇÃO ;N
41;CPQBA- INTERLIG ELÉTRICA LAB FARMACOLOGIA E TOXICOLOGIA;CPQBA;YOSHIO;SUSPENSO- AGUARD DECISÃO UNIDADE; -   ; REFORMA ;N
42;CPQBA- LAB FARMACOLOGIA E TOXICOLOGIA;CPQBA;YOSHIO;EXEC OBRA; 321,00 ; REFORMA ;N
43;CPQBA- LABORATÓRIO RECURSOS MICROBIANOS;CPQBA;MARCOS;PROJ CONCL- AGUARD DECISÃO UNIDADE; 386,00 ; OBRA NOVA ;N
44;CPQBA- NOVA PORTARIA;CPQBA;TEODORA;EXEC OBRA; 16,00 ; OBRA NOVA ;N
45;CPQBA- QUIOSQUE COM SANITÁRIOS;CPQBA;ADRIANA;PLANEJ; 90,00 ; OBRA NOVA ;N
46;CPQBA- REFORMA AUDITÓRIO;CPQBA;TEODORA;EXEC OBRA; 92,00 ; REFORMA E AMPLIAÇÃO ;N
47;CSS/CECOM- ABRIGO RESÍDUOS CECOM;CSS/CECOM;TEODORA;PLANEJ; 25,00 ; OBRA NOVA ;N
48;CSS/CECOM- CLIMATIZAÇÃO CENTRAL MATERIAL ESTERILIZADO;CSS/CECOM;YOSHIO;PROJ CONCL- ENCAMINH PARA A PREFEIT; 20,00 ; REFORMA ;N
49;CSS/CECOM- REFORMA E AMPLIAÇÃO;CSS/CECOM;EDILENE;PLANEJ; 1.000,00 ; REFORMA E AMPLIAÇÃO ;S
50;CT- REFORMA COBERTURA;CT;JAMAL;SUSPENSO- AGUARD DECISÃO UNIDADE; 1.000,00 ; REFORMA ;N
51;DGA- ESTACIONAMENTO DE CARROS OFICIAIS;DGA;EDILENE;PLANEJ; -   ; -   ;N
52;DGA- FORNECIMENTO E EXECUÇÃO DE DIVISÓRIAS DE GESSO ACARTONADO;DGA;JAMAL;EXEC OBRA; -   ; REFORMA ;N
53;DGA- REFORMA ANTIGO BARRACÃO MARCENARIA;DGA;EDILENE;EXEC OBRA; 2.749,00 ; REFORMA ;S
54;DGA- REFORMA ÁREA COORDENADORIA;DGA;EDILENE;OBRA CONCL; 378,00 ; REFORMA ;N
55;DGA- REFORMA DA ASC;DGA;JAMAL;OBRA CONCL; 160,00 ; REFORMA ;N
56;DGA- SANITÁRIOS E ÁREA COFFEBREAK PARA AUDITÓRIO;DGA;ADRIANA;PROJ CONCL- AGUARD DECISÃO UNIDADE; 90,00 ; REFORMA ;N
57;DGRH- CONSTRUÇÃO NOVA SEDE CECI-MATERNAL;DGRH;ADRIANA;SUSPENSO- AGUARD DECISÃO UNIDADE; 1.600,00 ; OBRA NOVA ;N
58;DGRH- INTERLIGAÇÃO PRÉDIOS REITORIA III E IV;DGRH;EDILENE;PLANEJ; 300,00 ; REFORMA E AMPLIAÇÃO ;S
59;EDITORA- NOVA LIVRARIA;EDITORA;FLÁVIA;LICIT PROJ; 200,00 ; OBRA NOVA ;N
60;EDITORA- NOVA SEDE;EDITORA;EDILENE;DESENV PROJ; 400,00 ; OBRA NOVA ;N
61;EDITORA- NOVO DEPÓSITO;EDITORA;EDILENE;EXEC OBRA; 233,00 ; OBRA NOVA ;N
62;EDITORA- NOVO DEPÓSITO- READEQUAÇÃO PROJETO FUNDAÇÕES;EDITORA;ADRIANA;SUSPENSO- AGUARD DECISÃO UNIDADE; 233,00 ; REFORMA ;N
63;FCA- ALTERAÇÃO PROJ RESTAURANTE CAMPUS 2;FCA;FLÁVIA;PROJ CONCL- AGUARD DECISÃO UNIDADE; 1.626,00 ; OBRA NOVA ;N
64;FCA- ÁREA ALIMENTAÇÃO TERCEIRIZADA CAMPUS 2;FCA;FLÁVIA;SUSPENSO- AGUARD DECISÃO UNIDADE; 400,00 ; OBRA NOVA ;N
65;FCA- BIBLIOTECA CAMPUS 2;FCA;FLÁVIA;SUSPENSO- AGUARD DECISÃO UNIDADE; 2.500,00 ; OBRA NOVA ;S
66;FCA- CENTRO DE CONVIVÊNCIA CULTURAL CAMPUS 2;FCA;FLÁVIA;SUSPENSO- AGUARD DECISÃO UNIDADE; 600,00 ; OBRA NOVA ;N
67;FCA- CENTRO ESPORTIVO CAMPUS 2;FCA;FLÁVIA;SUSPENSO- AGUARD DECISÃO UNIDADE; 10.000,00 ; OBRA NOVA ;S
68;FCA- CONSTRUÇÃO DE 4 QUADRAS ESPORTIVAS;FCA;TEODORA;EXEC OBRA; 3.480,00 ; OBRA NOVA ;N
69;FCA- DESMONTAGEM E MONTAGEM FORRO GESSO PRÉDIO ENSINO 1- CONTRAT EMERGENCIAL;FCA;TOMAZ;EXEC OBRA; 1.000,00 ; REFORMA ;N
70;FCA- ENSINO 2 CAMPUS 2;FCA;GISELE;EXEC OBRA; 7.507,00 ; OBRA NOVA ;S
71;FCA- ILUMINAÇÃO PÚBLICA CAMPUS 2;FCA;GISELE;OBRA CONCL; -   ; OBRA NOVA ;N
72;FCA- INFRAESTRUTURA ELÉTRICA;FCA;FERNANDO;EXEC OBRA; -   ; OBRA NOVA ;N
73;FCA- INFRAESTRUTURA SETOR NORTE;FCA;CPO;LICIT OBRA; -   ; OBRA NOVA ;N
74;FCA- INFRAESTRUTURA SETOR SUL;FCA;CPO;OBRA CONCL; -   ; OBRA NOVA ;N
75;FCA- LABORATÓRIOS 3 E 4 CAMPUS 2;FCA;FLÁVIA;SUSPENSO- AGUARD DECISÃO UNIDADE; 5.000,00 ; OBRA NOVA ;N
76;FCA- NOVA URBANIZAÇÃO REGIÃO SUL CAMPUS 2;FCA;FLÁVIA;SUSPENSO- AGUARD DECISÃO UNIDADE; -   ; OBRA NOVA ;N
77;FCA- PAISAGISMO CAMPUS 2;FCA;FLÁVIA;SUSPENSO- AGUARD DECISÃO UNIDADE; -   ; OBRA NOVA ;N
78;FCA- PLANTIO DE GRAMA;FCA;FLÁVIA;EXEC OBRA; -   ; OBRA NOVA ;N
79;FCA- PORTARIA PEDESTRES CAMPUS 2;FCA;GISELE;PROJ CONCL- AGUARD DECISÃO UNIDADE; 36,00 ; OBRA NOVA ;N
80;FCA- PORTARIA PROVISÓRIA DE PEDESTRES E VEÍCULOS;FCA;FLÁVIA;LICIT OBRA; 60,00 ; OBRA NOVA ;N
81;FCA- PORTARIAS PEDESTRES E VEÍCULOS CAMPUS 2;FCA;FLÁVIA;PROJ CONCL- AGUARD DECISÃO UNIDADE; 400,00 ; OBRA NOVA ;N
82;FCA- PRAÇA DAS BANDEIRAS CAMPUS 2;FCA;FLÁVIA;OBRA CONCL; -   ; OBRA NOVA ;N
83;FCA- PRÉDIO ADMINISTR CAMPUS 2;FCA;FLÁVIA;SUSPENSO- AGUARD DECISÃO UNIDADE; 4.000,00 ; OBRA NOVA ;S
84;FCA- PRÉDIOS DOS LABORATÓRIOS 1 E 2 CAMPUS 2;FCA;TEODORA;EXEC OBRA; 6.796,00 ; OBRA NOVA ;N
85;FCA- REFAZIMENTO IMPERMEABILIZAÇÃO ENSINO 1- CONTRATAÇÃO EMERGENCIAL;FCA;TOMAZ;EXEC OBRA; -   ; REFORMA ;N
86;FCA- RESERVATÓRIO DE ÁGUA;FCA;CPO;OBRA CONCL; 28,00 ; OBRA NOVA ;N
87;FCA- RESTAURANTE CAMPUS 2;FCA;GISELE;EXEC OBRA; 2.060,00 ; OBRA NOVA ;N
88;FCA- URBANIZAÇÃO ENTORNO RESTAURANTE CAMPUS 2;FCA;FLÁVIA;EXEC OBRA; -   ; OBRA NOVA ;N
89;FCA- VESTIÁRIO PARA AS QUADRAS;FCA;FLÁVIA;LICIT OBRA; 400,00 ; OBRA NOVA ;N
90;FCM- ABRIGO DE RESÍDUOS QUÍMICOS;FCM;ADRIANA;SUSPENSO- AGUARD DECISÃO UNIDADE; 370,00 ; OBRA NOVA ;N
91;FCM- AMPLIAÇÃO CEPRE/DDHR/FONOAUDIOLOGIA;FCM;FLÁVIA;PLANEJ; 1.000,00 ; AMPLIAÇÃO ;S
92;FCM- BIOTERIO FARMACO;FCM;TEODORA;PROJ CONCL- AGUARD DECISÃO UNIDADE; 26,00 ; REFORMA E AMPLIAÇÃO ;N
93;FCM- CENTRO PESQUISA CLÍNICA (FINEP);FCM;FLÁVIA;EXEC OBRA; 969,00 ; OBRA NOVA ;S
94;FCM- CLIMATIZAÇÃO PRÉDIO DO CEPRE;FCM;ADRIANA;SUSPENSO- AGUARD DECISÃO UNIDADE; 750,00 ; REFORMA ;N
95;FCM- ESCOLA DE SAÚDE DA FAMÍLIA;FCM;FLÁVIA;DESENV PROJ; 1.155,00 ; OBRA NOVA ;S
96;FCM- ESTACIONAMENTO NO NMCE;FCM;TEODORA;SUSPENSO- AGUARD DECISÃO UNIDADE; -   ; REFORMA E AMPLIAÇÃO ;N
97;FCM- INSTALAÇÃO GRUPO GERADOR PARA PRÉDIOS FCM;FCM;YOSHIO;SUSPENSO- AGUARD DECISÃO UNIDADE; -   ; REFORMA ;N
98;FCM- INTERLIGAÇÃO ELÉTRICA PRÉDIO PÓS GRADUAÇÃO E HABILIDADES;FCM;MARCOS;OBRA CONCL; -   ; OBRA NOVA ;N
99;FCM- LABORATÓRIOS DE PESQUISA - LEXP (FINEP- CT-Infra);FCM;FLÁVIA;PROJ CONCL- AGUARD DECISÃO UNIDADE; 1.850,00 ; OBRA NOVA ;S
100;FCM- PRÉDIO CURSO FARMÁCIA;FCM;ADRIANA;LICIT OBRA; 1.344,00 ; OBRA NOVA ;S
101;FCM- PRÉDIO PARA MEDICINA TRANSLACIONAL;FCM;FLÁVIA;PROJ CONCL- AGUARD DECISÃO UNIDADE; 2.000,00 ; OBRA NOVA ;S
102;FCM- REFORMA BIOTÉRIO AO LADO DO NMCE;FCM;YOSHIO;OBRA CONCL; 553,00 ; REFORMA E AMPLIAÇÃO ;N
103;FCM- TRATAMENTO ACÚSTICO PRÉDIO DO CEPRE;FCM;CPO;OBRA CONCL; -   ; REFORMA ;N
104;FE- ANEXO 3;FE;GABRIELA;EXEC OBRA; 1.000,00 ; OBRA NOVA ;S
105;FE- REFORMA SANITÁRIOS PRÉDIO PRINCIPAL;FE;ADRIANA;OBRA CONCL; 95,00 ; REFORMA ;N
106;FE- REFORMAS- ALTERAÇÕES DE LAYOUT;FE;ADRIANA;PROJ CONCL- AGUARD DECISÃO UNIDADE; 1.305,00 ; REFORMA ;N
107;FE- REVISÃO SPDA;FE;FERNANDO;PLANEJ; -   ; REFORMA ;N
108;FE- SUBSTITUIÇÃO DO TRANSFORMADOR;FE;MARCOS;OBRA CONCL; 10,00 ; REFORMA ;N
109;FEA- 1a ETAPA NOVO PRÉDIO SALAS AULA E LAB. DE ENSINO;FEA;GABRIELA;OBRA CONCL; 1.120,00 ; OBRA NOVA ;N
110;FEA- 2a ETAPA NOVO PRÉDIO SALAS AULA E LAB. DE ENSINO;FEA;GABRIELA;EXEC OBRA; 1.120,00 ; OBRA NOVA ;S
111;FEA- 3a ETAPA NOVO PRÉDIO SALAS AULA E LAB. DE ENSINO;FEA;GABRIELA;PLANEJ; 1.120,00 ; OBRA NOVA ;S
112;FEA- LAB DE BIOTECNOLOGIA (CT-INFRA 01/06);FEA;MARCOS;EXEC OBRA; 1.058,00 ; OBRA NOVA ;N
113;FEA- NOVA REDE HIDRÁULICA;FEA;TEODORA;PLANEJ; -   ; REFORMA ;N
114;FEA- REFORMA E AMPLIAÇÃO DA PADARIA;FEA;FLÁVIA;LICIT PROJ; 250,00 ; REFORMA E AMPLIAÇÃO ;N
115;FEA- REFORMA E AMPLIAÇÃO DO NEPA;FEA;MARCOS;PROJ CONCL- AGUARD DECISÃO UNIDADE; 100,00 ; REFORMA E AMPLIAÇÃO ;N
116;FEA- REFORMA PLANTA PILOTO E LABS DEPTO CIÊNCIA DE ALIMENTOS (CT-INFRA 01/01);FEA;YOSHIO;OBRA CONCL; 218,00 ; REFORMA ;N
117;FEA- SPDA;FEA;FERNANDO;PROJ CONCL- AGUARD DECISÃO UNIDADE; -   ; REFORMA ;N
118;FEAGRI- CONCLUSÃO DA CONSTRUÇÃO DO PRÉDIO III;FEAGRI;ADRIANA;LICIT OBRA; 2.500,00 ; REFORMA E AMPLIAÇÃO ;S
119;FEAGRI- ESCADA ACESSO LAB. TERMODINÂMICA;FEAGRI;ADRIANA;AGUARD OS; 50,00 ; OBRA NOVA ;N
120;FEAGRI- ESTACIONAMENTO;FEAGRI;GABRIELA;LICIT OBRA; 7.000,00 ; OBRA NOVA ;N
121;FEAGRI- INSTALAÇÃO DE 2 QUIOSQUES;FEAGRI;CACÁ;SUSPENSO- AGUARD DECISÃO UNIDADE; 150,00 ; OBRA NOVA ;N
122;FEAGRI- LABORATÓRIO END-LABEND (FINEP - PROMOVE);FEAGRI;FLÁVIA;PROJ CONCL- AGUARD DECISÃO UNIDADE; 330,00 ; OBRA NOVA ;N
123;FEAGRI- REFORMA SETOR SECAGEM LAB PÓS COLHEITA REDEAGRO (FINEP- CT-INFRA);FEAGRI;EDILENE;OBRA CONCL; 350,00 ; REFORMA E AMPLIAÇÃO ;N
124;FEC- ALIMENTAÇÃO ELÉTRICA PRÉDIO VEÍCULO VIA;FEC;CPO;OBRA CONCL; -   ; OBRA NOVA ;N
125;FEC- CONCLUSÃO DO PRÉDIO 7;FEC;ADRIANA;LICIT OBRA; 2.093,00 ; OBRA NOVA ;N
126;FEC- ELEVADOR;FEC;ALEXANDRE;LICIT OBRA; -   ; OBRA NOVA ;S
127;FEC- EXECUÇÃO DA CAIXA DO ELEVADOR- PRÉDIO 7;FEQ;CPO;OBRA CONCL; -   ; OBRA NOVA ;S
128;FEC- LABORATÓRIO LABTUBE;FEC;EDILENE;EXEC OBRA; 1.350,00 ; OBRA NOVA ;N
129;FEC- LABORATÓRIO LALT/ FLUXOS DA FEC;FEC;TEODORA;LICIT PROJ; 831,00 ; OBRA NOVA ;S
130;FEC- LABORATÓRIO VEÍCULO VIA (FINEP);FEC;ADRIANA;OBRA CONCL; 190,00 ; OBRA NOVA ;N
131;FEEC- AMPLIAÇÃO DO BLOCO B;FEEC;TEODORA;OBRA CONCL; 495,00 ; AMPLIAÇÃO ;S
132;FEEC- ELEVADOR;FEEC;TEODORA;LICIT OBRA; 50,00 ; OBRA NOVA ;S
133;FEEC- LAB INTEGRADO EM TI E MULTIMÍDIA (FINEP);FEEC;TEODORA;PROJ CONCL- AGUARD DECISÃO UNIDADE; 1.100,00 ; AMPLIAÇÃO ;N
134;FEF- AMPLIAÇÃO NOVO GINÁSIO DA FEF;FEF;EDILENE;SUSPENSO- AGUARD DECISÃO UNIDADE; 120,00 ; AMPLIAÇÃO ;N
135;FEF- COBERTURA E EXECUÇÃO DE NOVO PISO PARA AS QUADRAS 10 A 13;FEF;EDILENE;DESENV PROJ; 8.000,00 ; OBRA NOVA ;N
136;FEF- CORREÇÃO DA ESTRUT METÁLICA NOVO GINÁSIO;FEF;CPO;OBRA CONCL; 1.563,00 ; REFORMA ;N
137;FEF- ELEVADOR PRÉDIO BIBLIOTECA FEF;FEF;EDILENE;DESENV PROJ; 50,00 ; REFORMA E AMPLIAÇÃO ;S
138;FEF- INFRAESTRUTURA DE COBERTURA E FECHAMENTO DAS PISCINAS DA FEF;FEF;EDILENE;PLANEJ; 1.100,00 ; REFORMA E AMPLIAÇÃO ;N
139;FEF- NOVA PISCINA;FEF;EDILENE;OBRA CONCL; 85,00 ; OBRA NOVA ;N
140;FEF- NOVO GINÁSIO;FEF;EDILENE;EXEC OBRA; 1.812,00 ; OBRA NOVA ;N
141;FEF- REFORMA PISTA DE ATLETISMO;FEF;EDILENE;PLANEJ; -   ; REFORMA ;N
142;FEF- REFORMA QUADRAS DE 1 A 9;FEF;EDILENE;EXEC OBRA; 5.880,00 ; REFORMA E AMPLIAÇÃO ;N
143;FEF- REFORMA VESTIÁRIO MASCULINO E QUADRA;FEF;CPO;OBRA CONCL; 246,00 ; REFORMA ;N
144;FEF- REMODELAÇÃO ENTRADA ENERGIA PRÉDIOS FEF;FEF;FERNANDO;OBRA CONCL; -   ; REFORMA ;N
145;FEF- URBANIZAÇÃO ENTORNO NOVO GINÁSIO;FEF;EDILENE;EXEC OBRA; -   ; REFORMA ;N
146;FEM- LAB PROCESSOS TÉRMICOS INDUSTRIAIS;FEM;YOSHIO;DESENV PROJ; 800,00 ; OBRA NOVA ;S
147;FEM- PRÉDIOS QUADRA 47;FEM;YOSHIO;EXEC OBRA; 1.697,00 ; OBRA NOVA ;S
148;FEM- PROJ ELÉTRICO LAB PESQUISA (FINEP);FEM;MARCOS;OBRA CONCL; 841,00 ; OBRA NOVA ;N
149;FEM- SALAS DE AULA- AMPLIAÇÃO PRÉDIO Q36-P59;FEM;TEODORA;PLANEJ; 300,00 ; AMPLIAÇÃO ;N
150;FEM- URBANIZAÇÃO QUADRA 28- 2 NOVOS PRÉDIOS;FEM;YOSHIO;EXEC OBRA; -   ; OBRA NOVA ;N
151;FEQ - LAB BIOCOMBUSTÍVEIS AVANÇADOS (CONV. SHELL);FEQ;GABRIELA;EXEC OBRA; 1.290,00 ; OBRA NOVA ;S
152;FEQ - LABORATÓRIO LPETROPES;FEQ;GABRIELA;EXEC OBRA; 1.056,00 ; OBRA NOVA ;N
153;FEQ - REFORMA BARRACÃO;FEQ;TEODORA;SUSPENSO- AGUARD DECISÃO UNIDADE; 1.080,00 ; REFORMA ;N
154;FEQ- AMPLIAÇÃO ESTACIONAMENTO;FEQ;TEODORA;SUSPENSO- AGUARD DECISÃO UNIDADE; -   ; OBRA NOVA ;N
155;FEQ- BLOCO DE SALAS DE AULAS;FEQ;TEODORA;PLANEJ; 2.000,00 ; OBRA NOVA ;S
156;FEQ- LABORATÓRIO DE BIODEGRADAÇÃO DE POLÍMEROS;FEQ;YOSHIO;DESENV PROJ; 800,00 ; OBRA NOVA ;S
157;FEQ- LRAC- LABORATÓRIO DE RECURSOS ANALÍTICOS E CALIBRAÇÃO;FEQ;TEODORA;EXEC OBRA; 70,00 ; REFORMA ;N
158;FEQ- REFORMA E AMPLIAÇÃO CAFEQ/PROPEQ;FEQ;TEODORA;OBRA CONCL; 110,00 ; REFORMA E AMPLIAÇÃO ;N
159;FEQ- REFORMA E AMPLIAÇÃO DO BARRACÃO OFICINA;FEQ;ADRIANA;PLANEJ; 1.300,00 ; REFORMA E AMPLIAÇÃO ;S
160;FOP- CENTRO CLÍNICO;FOP;ADRIANA;PROJ CONCL- AGUARD DECISÃO UNIDADE; 1.346,00 ; OBRA NOVA ;S
161;FOP- CLIMATIZAÇÃO DA ÁREA CLÍNICA DE GRADUAÇÃO;FOP;ADRIANA;PLANEJ; 683,00 ; REFORMA ;N
162;FOP- COBERTURA QUADRA ESPORTES;FOP;ADRIANA;PLANEJ; 600,00 ; OBRA NOVA ;N
163;FOP- LABORATÓRIO DE PRÉ-CLÍNICA;FOP;ADRIANA;PLANEJ; 900,00 ; OBRA NOVA ;S
164;FOP- REFORMA AUDITÓRIO;FOP;ADRIANA;SUSPENSO- AGUARD DECISÃO UNIDADE; 870,00 ; REFORMA ;N
165;FOP- SALAS DE AULA- AMPL PREDIO ADMINISTR;FOP;ADRIANA;PLANEJ; 800,00 ; REFORMA E AMPLIAÇÃO ;S
166;FT- PRÉDIO ADMINISTR DA PÓS GRADUAÇÃO;FT;TEODORA;OBRA CONCL; 411,00 ; OBRA NOVA ;N
167;GASTRO- AME- AMBULATÓRIO MÉDICO DE ESPECIALIDADES;GASTROCENTRO;TEODORA;SUSPENSO- AGUARD DECISÃO UNIDADE; 2.000,00 ; OBRA NOVA ;S
168;GASTRO- REFORMA E AMPLIAÇÃO DO GASTROCENTRO;GASTROCENTRO;TEODORA;SUSPENSO- AGUARD DECISÃO UNIDADE; 3.000,00 ; REFORMA E AMPLIAÇÃO ;S
169;GASTROCENTRO- REFORMA SANITÁRIOS;GASTROCENTRO;TEODORA;LICIT OBRA; 80,00 ; REFORMA ;N
170;GGBS- REFORMA INTERNA;GGBS;TEODORA;SUSPENSO- AGUARD DECISÃO UNIDADE; 200,00 ; REFORMA ;N
171;HC - UER;HC;YOSHIO;SUSPENSO- AGUARD DECISÃO UNIDADE; 3.950,00 ; OBRA NOVA ;S
172;HC- READEQUAÇÃO ESTACIONAMENTO DO HC;HC;FLÁVIA;PLANEJ; 10.000,00 ; REFORMA ;N
173;HC- REFORMA E AMPLIAÇÃO DO BAZAR E FARMÁCIA DE ALTO CUSTO;HC;EDUARDO;SUSPENSO- AGUARD DECISÃO UNIDADE; 400,00 ; REFORMA E AMPLIAÇÃO ;N
174;HEMOCENTRO - AMPLIAÇÃO PARA ADMINISTRAÇÃO E LAB CIENTÍFICO;HEMOCENTRO;FLÁVIA;EXEC OBRA; 500,00 ; AMPLIAÇÃO ;N
175;HEMOCENTRO - PPCI PARA O HEMOCENTRO;HEMOCENTRO;YOSHIO;EXEC OBRA; 5.000,00 ; REFORMA ;N
176;HEMOCENTRO- ALIMENTAÇÃO ELÉTRICA PRÉDIO LAVAGEM E REMODELAÇÃO DA CABINE DE FORÇA;HEMOCENTRO;FERNANDO;PROJ CONCL- AGUARD DECISÃO UNIDADE; -   ; REFORMA ;N
177;HEMOCENTRO- CONSTRUÇÃO ANEXO III;HEMOCENTRO;FLÁVIA;PLANEJ; 500,00 ; OBRA NOVA ;S
178;HEMOCENTRO- CONSTRUÇÃO DE BIOTÉRIO E SALA DE CULTURA;HEMOCENTRO;FLÁVIA;PLANEJ; 100,00 ; OBRA NOVA ;N
179;HEMOCENTRO- CONSTRUÇÃO SALA DE CULTURA HEMOSTASIA;HEMOCENTRO;TEODORA;PROJ CONCL- AGUARD DECISÃO UNIDADE; 55,00 ; OBRA NOVA ;N
180;HEMOCENTRO- HOSPITAL HEMATOLÓGICO;HEMOCENTRO;YOSHIO;DESENV PROJ; 7.980,00 ; OBRA NOVA ;S
181;HEMOCENTRO- HUMANIZAÇÃO E MELHORIA ACESSOS INTERNOS;HEMOCENTRO;FLÁVIA;DESENV PROJ; 195,00 ; OBRA NOVA ;N
182;HEMOCENTRO- NOVO PRÉDIO PARA COORDENADORIA, METROLOGIA E REFEITÓRIO;HEMOCENTRO;FLÁVIA;DESENV PROJ; 1.200,00 ; OBRA NOVA ;S
183;HEMOCENTRO- REFORMA HALL ENTRADA E SANITÁRIOS;HEMOCENTRO;ADRIANA;LICIT OBRA; 120,00 ; REFORMA ;N
184;HEMOCENTRO- REMODELAÇÃO ENTRADA DE ENERGIA PARA O HEMOCENTRO;HEMOCENTRO;FERNANDO;PLANEJ; 750,00 ; REFORMA E AMPLIAÇÃO ;N
185;IA - REFORMA E AMPLIAÇÃO DEP ARTES CÊNICAS NO PAV 2 DO IA;IA;ADRIANA;PROJ CONCL- AGUARD DECISÃO UNIDADE; 100,00 ; REFORMA E AMPLIAÇÃO ;N
186;IA- 1A ETAPA DO TEATRO - TEATRO;IA;FLÁVIA;EXEC OBRA; 5.669,00 ; OBRA NOVA ;N
187;IA- 2A ETAPA DO TEATRO - DEPTOS DAC E DACO;IA;FLÁVIA;PROJ CONCL- AGUARD DECISÃO UNIDADE; 5.014,00 ; OBRA NOVA ;S
188;IA- INSTALAÇÃO DE SISTEMA DE EXAUSTÃO;IA;GABRIELA;PROJ CONCL- AGUARD DECISÃO UNIDADE; -   ; REFORMA ;N
189;IA- LUMINOTÉCNICA 5 SALAS DAC E 6 SALAS DACO;IA;FERNANDO;PLANEJ; 350,00 ; REFORMA ;N
190;IA- MIDIALOGIA;IA;FLÁVIA;LICIT OBRA; 1.100,00 ; OBRA NOVA ;S
191;IA- REFORMA DO POSTO DE TRANSFORMAÇÃO DOS PAVILHÕES DO IA;IA;FERNANDO;EXEC OBRA; -   ; REFORMA ;N
192;IA- REFORMA E AMPLIAÇÃO DO DEPTO ARTES PLÁSTICAS;IA;ADRIANA;PROJ CONCL- AGUARD DECISÃO UNIDADE; 1.100,00 ; REFORMA ;N
193;IA- REFORMA E AMPLIAÇÃO GALERIA DE ARTES NA BC;IA;EDILENE;SUSPENSO- AGUARD DECISÃO UNIDADE; 1.300,00 ; REFORMA E AMPLIAÇÃO ;N
194;IA- REFORMA ESTÚDIO MULTIMEIOS;IA;ADRIANA;OBRA CONCL; 187,00 ; REFORMA ;N
195;IA- REFORMA PAV ARTES;IA;ADRIANA;EXEC OBRA; 1.441,00 ; REFORMA ;S
196;IA- REFORMA SALA AD-01-DACO;IA;FLÁVIA;OBRA CONCL; 64,00 ; REFORMA ;N
197;IA- REFORMA SANITÁRIOS NO PAVILHÃO DO IA;IA;JAMAL;PROJ CONCL- ENCAMINH PARA A PREFEIT; 180,00 ; REFORMA ;N
198;IA- REMODELAÇÃO CABINE DE FORÇA;IA;MARCOS;OBRA CONCL; 203,00 ; REFORMA ;N
199;IA- TRATAMENTO ACÚSTICO DEPTO MÚSICA;IA;GABRIELA;OBRA CONCL; 367,00 ; REFORMA ;N
200;IB- AMPLIAÇÃO BIBLIOTECA;IB;TEODORA;OBRA CONCL; 1.697,00 ; AMPLIAÇÃO ;S
201;IB- AMPLIAÇÃO LABORAT GENÔMICA (ETENO VERDE);IB;TEODORA;LICIT PROJ; 300,00 ; AMPLIAÇÃO ;N
202;IB- AMPLIAÇÃO LABORAT MICROSCOPIA ELETRÔNICA;IB;TEODORA;DESENV PROJ; 437,70 ; AMPLIAÇÃO ;N
203;IB- BIOTÉRIO BIOTBIO (FINEP- CT-INFRA 01/07);IB;TEODORA;PROJ CONCL- AGUARD DECISÃO UNIDADE; 600,00 ; OBRA NOVA ;S
204;IB- CONCLUSÃO PRÉDIO BIOPATÓGENOS E LAB. DOR;IB;TEODORA;PLANEJ; 1.500,00 ; OBRA NOVA ;S
205;IB- CONSTRUÇÃO PARCIAL LAB BIOPATÓGENOS;IB;CPO;EXEC OBRA; 1.051,00 ; OBRA NOVA ;N
206;IB- ELEVADOR DA BIBLIOTECA;IB;ALEXANDRE;LICIT OBRA; 20,00 ; OBRA NOVA ;S
207;IB- INSTALAÇÃO DOIS ELEVADORES;IB;TEODORA;EXEC OBRA; 80,00 ; REFORMA E AMPLIAÇÃO ;S
208;IB- LAB CENTRO DE ESTUDO DA DOR;IB;TEODORA;PROJ CONCL- AGUARD DECISÃO UNIDADE; 450,00 ; REFORMA E AMPLIAÇÃO ;S
209;IB- LAB OBESIDADES E DIABETES - BETACEL (FINEP- CT-INFRA);IB;TEODORA;EXEC OBRA; 1.175,00 ; OBRA NOVA ;S
210;IB- LABORATÓRIO DE GENOTIPAGEM;IB;TEODORA;DESENV PROJ; 120,00 ; OBRA NOVA ;N
211;IB- MUSEU/HERBÁRIO (CT-INFRA);IB;TEODORA;PLANEJ; 2.400,00 ; OBRA NOVA ;S
212;IB- REFORMA 2 SANITÁRIOS (CONGREGAÇÃO E SALA DE AULA);IB;TEODORA;PROJ CONCL- AGUARD DECISÃO UNIDADE; 60,00 ; REFORMA ;N
213;IB- REFORMA COBERTURA PRÉDIOS IB;IB;TEODORA;OBRA CONCL; 8.390,00 ; REFORMA ;N
214;IB- REFORMA E AMPLIAÇÃO DA ANATOMIA;IB;TEODORA;DESENV PROJ; 785,00 ; REFORMA E AMPLIAÇÃO ;N
215;IB- REINSTALAÇÃO CIRCUITOS ALIMENTAÇÃO ELÉTRICA;IB;CPO;OBRA CONCL; -   ; REFORMA ;N
216;IC- AMPLIAÇÃO PRÉDIO IC-3- LAB PÓS GRAD E DEPÓSITO;IC;ADRIANA;PROJ CONCL- AGUARD DECISÃO UNIDADE; 188,00 ; AMPLIAÇÃO ;N
217;IC- AMPLIAÇÃO PRÉDIOS IC-1 E IC-2;IC;GABRIELA;SUSPENSO- AGUARD DECISÃO UNIDADE; 270,00 ; AMPLIAÇÃO ;N
218;IC- CENTRO DE VIVÊNCIA;IC;EDILENE;SUSPENSO- AGUARD DECISÃO UNIDADE; 470,00 ; OBRA NOVA ;N
219;IC- CLIMATIZAÇÃO DO PRÉDIO IC-3,5;IC;TEODORA;PROJ CONCL- AGUARD DECISÃO UNIDADE; 2.500,00 ; REFORMA ;N
220;IC- ESTACIONAMENTO IC-3,5;IC;EDILENE;PLANEJ; 1.000,00 ; OBRA NOVA ;N
221;IC- NOVO PRÉDIO IC- 04;IC;GABRIELA;EXEC OBRA; 2.000,00 ; OBRA NOVA ;S
222;IC- PPCI PARA OS PRÉDIOS DO IC;IC;YOSHIO;PLANEJ; 4.000,00 ; REFORMA ;N
223;IC- REFAZIMENTO COBERTURA PRÉDIO IC-3;IC;ADRIANA;OBRA CONCL; 394,00 ; REFORMA ;N
224;IC- REFORMA COBERTURA PRÉDIOS IC-1 E IC-2;IC;ALEXANDRE;PLANEJ; 2.592,00 ; REFORMA ;N
225;IC- REFORMA E AMPLIAÇÃO PRÉDIO IC-3 (FECHAMENTO DA ÁREA DE LUZ);IC;EDUARDO;PLANEJ; 40,00 ; REFORMA E AMPLIAÇÃO ;N
226;IC- REFORMA SANITÁRIOS PRÉDIOS IC- 01, 02, 03;IC;ADRIANA;PLANEJ; 90,00 ; REFORMA ;N
227;IC- REMODELAÇÃO ENTRADA ENERGIA PRÉDIOS IC-3 E IC-3,5;IC;FERNANDO;EXEC OBRA; -   ; REFORMA ;N
228;IC- SERVIÇOS DE REFORMA NO PRÉDIO IC-3,5;IC;CPO;OBRA CONCL; 2.159,00 ; REFORMA ;N
229;IE - CENTRO DE PESQUISAS;IE;EDILENE;SUSPENSO- AGUARD DECISÃO UNIDADE; 2.540,00 ; OBRA NOVA ;S
230;IE - READEQUAÇÃO INST. ELÉTRICAS PAVILHÕES;IE;FERNANDO;EXEC OBRA; 1.730,00 ; REFORMA ;N
231;IE- ADEQUAÇÃO SANITÁRIO PARA PNE;IE;TEODORA;PROJ CONCL- AGUARD DECISÃO UNIDADE; 8,00 ; REFORMA ;N
232;IE- AUDITÓRIO PROF. RUBEN TAPIA;IE;MARCOS;PLANEJ; 288,00 ; REFORMA ;N
233;IE- CONSTRUÇÃO DE NOVO ESTACIONAMENTO;IE;CACÁ;PLANEJ; -   ; OBRA NOVA ;N
234;IE- IMPERMEABILIZAÇÃO LAJES AUDITÓRIO, RESERVATÓRIOS E MARQUISES;IE;CPO;OBRA CONCL; 202,00 ; REFORMA ;N
235;IE- INSTALAÇÃO DE APARELHOS DE AR CONDICIONADO NAS SALAS DE GRADUAÇÃO DO PAVILHÃO DO IE E NAS DE PÓS GRADUAÇÃO;IE;FERNANDO;PLANEJ; 908,00 ; REFORMA ;N
236;IE- LABORATÓRIOS DE INFORMÁTICA (REFORMA SALA 102);IE;TEODORA;PROJ CONCL- AGUARD DECISÃO UNIDADE; 150,00 ; REFORMA ;N
237;IE- REFORMA AUDITÓRIO;IE;FERNANDO;PLANEJ; 173,00 ; REFORMA ;N
238;IEL - REFORMA SALA MULTIUSUÁRIA DE COLEGIADOS;IEL;TEODORA;OBRA CONCL; 48,00 ; REFORMA ;N
239;IEL- AMPLIAÇÃO DO CENTRO DE CONVIVÊNCIA DE AFÁSICOS;IEL;TEODORA;PROJ CONCL- AGUARD DECISÃO UNIDADE; 75,00 ; AMPLIAÇÃO ;N
240;IEL- CEDAE (FINEP CT-INFRA 01/07);IEL;TEODORA;EXEC OBRA; 324,00 ; REFORMA ;N
241;IEL- CENTRO CULTURAL (REFORMA ANTIGO CARPEN DIEN);IEL;FLÁVIA;EXEC OBRA; 416,00 ; REFORMA ;0
242;IEL- PRÉDIO DOCENTES;IEL;ADRIANA;PLANEJ; 1.080,00 ; OBRA NOVA ;S
243;IEL- REFORMA PRÉDIO SALAS DE AULA (BLOCO VI);IEL;TEODORA;OBRA CONCL; 2.500,00 ; REFORMA ;N
244;IEL- REFORMA PRÉDIO SALAS DE AULA (BLOCO VI)- ETAPA AR CONDICIONADO;IEL;TEODORA;OBRA CONCL; -   ; REFORMA ;N
245;IEL- REFORMA SANITÁRIOS BLOCO VIII;IEL;EDUARDO;PLANEJ; 21,16 ; REFORMA ;0
246;IFCH- AEL- AUTOMAÇÃO PARA O SISTEMA DE CLIMATIZAÇÃO;IFCH;ALEXANDRE;LICIT OBRA; 1.000,00 ; REFORMA ;N
247;IFCH- AEL- REFORMA DOS CAIXILHOS;IFCH;ALEXANDRE;PLANEJ; -   ; REFORMA ;N
248;IFCH- AMPLIAÇÃO BIBLIOTECA (FINEP- CT-INFRA);IFCH;EDILENE;EXEC OBRA; 1.060,00 ; AMPLIAÇÃO ;S
249;IFCH- ELEVADOR BIBLIOTECA;IFCH;EDILENE;SUSPENSO- AGUARD DECISÃO UNIDADE; 17,00 ; OBRA NOVA ;S
250;IFCH- PRÉDIO DOS CENTROS E NÚCLEOS (FINEP);IFCH;EDILENE;EXEC OBRA; 1.434,00 ; OBRA NOVA ;S
251;IFCH- PROJETO ELÉTRICO E DE PPCI PARA A BIBLIOTECA;IFCH;MARCOS;DESENV PROJ; 3.600,00 ; REFORMA ;N
252;IFCH- PROJETOS CONCLUSÃO OBRA AEL;IFCH;MARCOS;PROJ CONCL- AGUARD DECISÃO UNIDADE; 3.000,00 ; OBRA NOVA ;N
253;IFCH- REFORMA BANHEIRO FEMININO DA BIBLIOTECA;IFCH;EDILENE;PROJ CONCL- ENCAMINH PARA A PREFEIT; 20,00 ; REFORMA ;N
254;IFCH- RESERVATÓRIO DE INCÊNDIO DO AEL;IFCH;MARCOS;LICIT OBRA; 20,00 ; OBRA NOVA ;N
255;IFGW- ACESSIBILIDADE;IFGW;TEODORA;SUSPENSO- AGUARD DECISÃO UNIDADE; -   ; REFORMA ;N
256;IFGW- ADEQUAÇÃO PRÉDIO D PARA ACESSIBILIDADE;IFGW;TEODORA;LICIT OBRA; 150,00 ; REFORMA E AMPLIAÇÃO ;S
257;IFGW- AMPLIAÇÃO BIBLIOTECA;IFGW;YOSHIO;EXEC OBRA; 82,00 ; REFORMA E AMPLIAÇÃO ;N
258;IFGW- ELEVADOR DE CARGAS NO DFA;IFGW;TEODORA;SUSPENSO- AGUARD DECISÃO UNIDADE; 40,00 ; AMPLIAÇÃO ;S
259;IFGW- ESPAÇO DE VIVÊNCIA;IFGW;FLÁVIA;PLANEJ; 420,00 ; OBRA NOVA ;N
260;IFGW- PRÉDIO FIBER-TO-HTE-LAB-KYATERA (FINEP- CT-INFRA);IFGW;GABRIELA;LICIT OBRA; 988,00 ; OBRA NOVA ;S
261;IFGW- QUIOSQUE LEB/LEI;IFGW;FLÁVIA;PLANEJ; 75,00 ; OBRA NOVA ;N
262;IFGW- REFORÇO ESTRUTURAL PRÉDIO PIERRE AUGER;IFGW;TEODORA;OBRA CONCL; 1.270,00 ; REFORMA ;N
263;IFGW- REVISÃO SISTEMA ELÉTRICO DO IFGW;IFGW;MARCOS;PROJ CONCL- AGUARD DECISÃO UNIDADE; 2.600,00 ; REFORMA ;N
264;IFGW- SPDA PARA O OBSERVATÓRIO PIERRE AUGER;IFGW;FERNANDO;PROJ CONCL- AGUARD DECISÃO UNIDADE; 400,00 ; OBRA NOVA ;N
265;IG- AR CONDICIONADO PRÉDIO PRINCIPAL ENTRE EIXOS 19 E 23;IG;CPO;OBRA CONCL; -   ; REFORMA ;N
266;IG- CABINE DE MEDIÇÃO DO IG;IG;MARCOS;OBRA CONCL; 68,00 ; OBRA NOVA ;N
267;IG- EXECUÇÃO ESTRUTURA E COBERTURA ENTRE EIXOS 8 A 19;IG;CPO;OBRA CONCL; 6.400,00 ; OBRA NOVA ;N
268;IG- NOVA SEDE;IG;YOSHIO;EXEC OBRA; -   ; OBRA NOVA ;S
269;IG- REVISÃO PROJETOS SUBSOLO NOVO PRÉDIO IG;IG;FERNANDO;PROJ CONCL- AGUARD DECISÃO UNIDADE; 1.460,00 ; REFORMA ;N
270;IMECC - READEQUAÇÃO PRÉDIO PÓS GRADUAÇÃO;IMECC;EDILENE;SUSPENSO- AGUARD DECISÃO UNIDADE; 1.200,00 ; REFORMA ;N
271;IMECC- AMPLIAÇÃO SUBSOLO (FINEP CT-INFRA);IMECC;ADRIANA;OBRA CONCL; 141,00 ; AMPLIAÇÃO ;N
272;IMECC- ÁREA DE CONVÍVIO EXTERNO;IMECC;CPO;OBRA CONCL; 299,00 ; OBRA NOVA ;N
273;IMECC- BASE PARA ESTANTE DESLIZANTE;IMECC;CPO;OBRA CONCL; -   ; REFORMA ;N
274;IMECC- ELEVADOR;IMECC;GABRIELA;OBRA CONCL; 185,00 ; OBRA NOVA ;S
275;IMECC- PRÉDIO LAB COMPUTAÇÃO CIENTÍFICA;IMECC;EDILENE;EXEC OBRA; 1.270,00 ; OBRA NOVA ;S
276;IMECC- REDE ELÉTRICA ESTABILIZADA;IMECC;FERNANDO;PROJ CONCL- AGUARD DECISÃO UNIDADE; 7.269,00 ; REFORMA ;N
277;IMECC- REFORMA NO BLOCO MODULADO;IMECC;ADRIANA;OBRA CONCL; 5,00 ; REFORMA ;N
278;IMECC- REFORMA SANITÁRIOS;IMECC;FLÁVIA;PLANEJ; 200,00 ; REFORMA ;N
279;INOVA- EDIF INCUBADORA POLO INOVAÇÃO UNICAMP;INOVA;GABRIELA;EXEC OBRA; 4.000,00 ; OBRA NOVA ;S
280;INOVA- EDIF PADRÃO POLO INOVAÇÃO UNICAMP;INOVA;YOSHIO;PROJ CONCL- AGUARD DECISÃO UNIDADE; 4.000,00 ; OBRA NOVA ;S
281;INOVA- ESTUDO HIDROLÓGICO E REDIMENSIONAMENTO DE REDES;INOVA;CACÁ;DESENV PROJ; -   ; REFORMA ;N
282;INOVA- LAB INOVAÇÃO BIOCOMBUSTÍVEIS FLIB (FINEP- CT-INFRA);INOVA;GABRIELA;LICIT OBRA; 1.269,00 ; OBRA NOVA ;S
283;INOVA- PPCI PARA O PRÉDIO DA INOVASOFT;INOVA;TEODORA;LICIT PROJ; 1.000,00 ; REFORMA ;N
284;INOVA- REFORMA SANITÁRIOS PRÉDIO INOVA E PREFEITURA;INOVA;ALEXANDRE;LICIT OBRA; 30,00 ; REFORMA ;N
285;INOVA- URBANIZ POLO INOVAÇÃO UNICAMP;INOVA;GABRIELA;LICIT OBRA; -   ; OBRA NOVA ;N
286;NEPAM- REFORMA;NEPAM;CACÁ;PROJ CONCL- AGUARD DECISÃO UNIDADE; 300,00 ; REFORMA ;N
287;NEPP- AMPLIAÇÃO PRÉDIO NEPP;NEPP;EDILENE;LICIT OBRA; 500,00 ; REFORMA E AMPLIAÇÃO ;N
288;NIPE- CONCLUSÃO DA OBRA DO NIPE;NIPE;CPO;OBRA CONCL; 1.284,00 ; OBRA NOVA ;N
289;NIPE- INTERLIGAÇÃO ELÉTRICA OBRA NIPE/CEPETRO;NIPE;CPO;OBRA CONCL; -   ; OBRA NOVA ;N
290;NUDECRI- 1ª ETAPA DO NOVO PRÉDIO;NUDECRI;CPO;OBRA CONCL; 240,00 ; OBRA NOVA ;N
291;NUDECRI- NOVO PRÉDIO;NUDECRI;FERNANDO;EXEC OBRA; 310,00 ; OBRA NOVA ;N
292;PME- NOVA SEDE DA ADMINISTRAÇÃO E ALMOXARIFADO;PME;ADRIANA;SUSPENSO- AGUARD DECISÃO UNIDADE; 400,00 ; OBRA NOVA ;N
293;PRDU- ACESSIBILIDADE BLOCOS MODULADOS;REITORIA;EDILENE;DESENV PROJ; 1.000,00 ; REFORMA E AMPLIAÇÃO ;S
294;PRDU- CONSTRUÇÃO DE NÚCLEO DE ACESSIBILIDADE PARA O PRÉDIO DO CONSU;REITORIA;FLÁVIA;DESENV PROJ; 170,00 ; REFORMA E AMPLIAÇÃO ;S
295;PRDU- REFORMA ESPAÇO FÍSICO PARA VÁRIOS ÓRGÃOS DA PRDU;PRDU;EDILENE;SUSPENSO- AGUARD DECISÃO UNIDADE; 1.700,00 ; REFORMA E AMPLIAÇÃO ;N
296;PREAC- CLIMATIZAÇÃO CASA DO LAGO;PREAC;YOSHIO;PLANEJ; 2.000,00 ; REFORMA ;N
297;PREAC- PPCI PARA CASA DO LAGO;PREAC;CPO;OBRA CONCL; 1.000,00 ; REFORMA ;N
298;PREAC- REFORMAS NO CIS- GUANABARA;PREAC;EDILENE;PLANEJ; 11.500,00 ; REFORMA ;N
299;PREFEITURA- BICICLETÁRIO NO PRÉDIO DA VIGILÂNCIA;PREFEITURA;EDUARDO;AGUARD OS; 162,00 ; OBRA NOVA ;N
300;PREFEITURA- CANTINA IFCH (SALETERIA);PREFEITURA;EDILENE;SUSPENSO- AGUARD DECISÃO UNIDADE; 138,00 ; REFORMA E AMPLIAÇÃO ;N
301;PREFEITURA- CENTRAL DE MONITORAMENTO;PREFEITURA;MARCOS;PROJ CONCL- ENCAMINH PARA A PREFEIT; 205,00 ; OBRA NOVA ;N
302;PREFEITURA- ESTACIONAMENTO CRECHE;PREFEITURA;CPO;OBRA CONCL; -   ; REFORMA ;N
303;PREFEITURA- INFRAESTRUTURA ÁREA MÉDICA;PREFEITURA;YOSHIO;DESENV PROJ; -   ; AMPLIAÇÃO ;N
304;PREFEITURA- INFRAESTRUTURA CAMPUS CAMPINAS;PREFEITURA;YOSHIO;SUSPENSO- AGUARD DECISÃO UNIDADE; -   ; OBRA NOVA ;N
305;PREFEITURA- INFRAESTRUTURA DUAS ÁREAS DE VIVÊNCIA NO CAMPUS;PREFEITURA;EDILENE;EXEC OBRA; 5.000,00 ; OBRA NOVA ;N
306;PREFEITURA- NOVA SEDE;PREFEITURA;EDILENE;DESENV PROJ; 886,00 ; OBRA NOVA ;S
307;PREFEITURA- NOVO ALMOXARIFADO PREFEITURA;PREFEITURA;FLÁVIA;PROJ CONCL- AGUARD DECISÃO UNIDADE; 900,00 ; OBRA NOVA ;N
308;PREFEITURA- NOVO CANTEIRO DE OBRAS;PREFEITURA;FLÁVIA;SUSPENSO- AGUARD DECISÃO UNIDADE; 1.000,00 ; OBRA NOVA ;N
309;PREFEITURA- PPCI PARA PRÉDIO DA VIGILÂNCIA;PREFEITURA;ADRIANA;LICIT OBRA; 1.020,00 ; REFORMA ;N
310;PREFEITURA- RECUPERAÇÃO CÂMARAS FRIGORÍFICAS;PREFEITURA;CPO;OBRA CONCL; 262,00 ; REFORMA ;N
311;PREFEITURA- REFORMA ALMOXARIFADO DO RU;PREFEITURA;CPO;OBRA CONCL; 437,00 ; REFORMA ;N
312;PREFEITURA- REFORMA E AMPLIAÇÃO CANTINA/LANCHONETE DA CPF LIMEIRA;PREFEITURA;EDILENE;SUSPENSO- AGUARD DECISÃO UNIDADE; 183,00 ; REFORMA E AMPLIAÇÃO ;N
313;PREFEITURA- REFORMA RESTAURANTE DO IE;PREFEITURA;EDILENE;PROJ CONCL- AGUARD DECISÃO UNIDADE; 210,00 ; REFORMA ;N
314;PREFEITURA- REFORMA RESTAURANTE/LANCHONETE DA FOP;PREFEITURA;EDILENE;PROJ CONCL- ENCAMINH PARA A PREFEIT; 200,00 ; REFORMA ;N
315;PREFEITURA- REFORMA RU;PREFEITURA;ADRIANA;DESENV PROJ; 3.112,00 ; REFORMA ;N
316;PREFEITURA- REMODELAÇÃO GUARITAS ACESSO UNICAMP;PREFEITURA;FLÁVIA;SUSPENSO- AGUARD DECISÃO UNIDADE; 2.500,00 ; REFORMA E AMPLIAÇÃO ;N
317;PREFEITURA- RESTAURANTE IMECC;PREFEITURA;EDILENE;PROJ CONCL- AGUARD DECISÃO UNIDADE; 200,00 ; OBRA NOVA ;N
318;PREFEITURA- RESTAURANTE SATURNINO;PREFEITURA;TEODORA;EXEC OBRA; 1.625,00 ; OBRA NOVA ;N
319;PREFEITURA- URBANIZAÇÃO ENTORNO PRÉDIO AFPU;PREFEITURA;FLÁVIA;SUSPENSO- AGUARD DECISÃO UNIDADE; -   ; REFORMA ;N
320;PRG- EA2- REFORMA PAV SUPERIOR BÁSICO I;PRG;TEODORA;LICIT OBRA; 900,00 ; REFORMA ;S
321;PRG- ILUMINAÇÃO DO SAGUÃO DO BÁSICO II;PRG;MARCOS;LICIT PROJ; 1.035,00 ; REFORMA ;N
322;PRG- INSTALAÇÃO ELEVADOR BÁSICO 2;PRG;FLÁVIA;LICIT OBRA; 25,00 ; AMPLIAÇÃO ;S
323;PRG- REFORMA 3 SALAS DE AULA BÁSICO II;PRG;JAMAL;OBRA CONCL; 443,00 ; REFORMA ;N
324;PRG- REFORMA 6 SALAS DE AULA BÁSICO II;PRG;TOMAZ;EXEC OBRA; 560,00 ; REFORMA ;N
325;PRG- REFORMA 9 SALAS DE AULA BÁSICO II;PRG;TEODORA;PLANEJ; 840,00 ; REFORMA ;N
326;PRG- REFORMA E AMPLIAÇÃO DOS QUIOSQUES DO BÁSICO I;PRG;ADRIANA;DESENV PROJ; 145,00 ; REFORMA E AMPLIAÇÃO ;N
327;PRG- REFORMA INTERNA;PRG;FLÁVIA;SUSPENSO- AGUARD DECISÃO UNIDADE; 144,00 ; REFORMA ;N
328;PRG- REFORMA SAE- ANTIGO PRÉDIO DA DAC;PRG;ADRIANA;OBRA CONCL; 373,00 ; REFORMA ;N
329;PRG- REFORMA SANITÁRIOS CB II;PRG;EDILENE;AGUARD OS; 100,00 ; REFORMA ;N
330;PRG- REFORMA SANITÁRIOS DAC;PRG;EDILENE;AGUARD OS; 50,00 ; REFORMA ;N
331;PRG- REFORMA SANITÁRIOS SUBSOLO BÁSICO I;PRG;ADRIANA;PROJ CONCL- AGUARD DECISÃO UNIDADE; 60,00 ; REFORMA ;N
332;PRG- REVITALIZAÇÃO PRAÇAS CICLO BÁSICO, RU E ADJACÊNCIAS;PRG;FLÁVIA;EXEC OBRA; -   ; REFORMA ;N
333;PRP- BIOENERGIA;PRP;GABRIELA;EXEC OBRA; 3.000,00 ; OBRA NOVA ;S
334;PRP- PRÉDIO CORE FACILITY;PRP;GABRIELA;EXEC OBRA; 1.900,00 ; OBRA NOVA ;S
335;REITORIA- ADEQUAÇÃO DA SEDE DO MUSEU (PISO E ESTRUTURA DO SOL);REITORIA;CPO;OBRA CONCL; 1.998,00 ; REFORMA ;N
336;REITORIA- CEAV/CORI;REITORIA;TEODORA;LICIT OBRA; 1.500,00 ; OBRA NOVA ;S
337;REITORIA- CENTRO DE CONVENÇÕES;REITORIA;EDILENE;PLANEJ; 9.087,00 ; OBRA NOVA ;S
338;REITORIA- CONJ. LABS APOIO PESQUISA E PÓS GRAD.;REITORIA;ADRIANA;PLANEJ; 10.000,00 ; OBRA NOVA ;S
339;REITORIA- ENTREPOSTO DE RESÍDUOS;REITORIA;ADRIANA;DESENV PROJ; 700,00 ; OBRA NOVA ;N
340;REITORIA- IMPERMEABILIZAÇÃO PISO DO MUSEU DE CIÊNCIAS;REITORIA;CPO;OBRA CONCL; 400,00 ; REFORMA ;N
341;REITORIA- JARDIM BOTÂNICO;REITORIA;YOSHIO;SUSPENSO- AGUARD DECISÃO UNIDADE; -   ; OBRA NOVA ;N
342;REITORIA- MUSEU DE ARTE DA UNICAMP;REITORIA;ADRIANA;DESENV PROJ; 2.500,00 ; OBRA NOVA ;S
343;REITORIA- MUSEU DE CIÊNCIAS;REITORIA;FLÁVIA;SUSPENSO- AGUARD DECISÃO UNIDADE; 8.000,00 ; OBRA NOVA ;S
344;REITORIA- REFORMA ÁREA PARA ASSESSORES NO PRÉDIO DA PG;REITORIA;FLÁVIA;PROJ CONCL- ENCAMINH PARA A PREFEIT; 40,00 ; REFORMA ;N
345;REITORIA- REFORMA DO MUSEU DE CIÊNCIAS;REITORIA;CPO;OBRA CONCL; 1.998,00 ; REFORMA ;N
346;REITORIA- REFORMA SANITÁRIO PAV TÉRREO PRÉDIO REITORIA;REITORIA;EDILENE;PROJ CONCL- ENCAMINH PARA A PREFEIT; 6,00 ; REFORMA ;N
347;REITORIA- REQUALIFICAÇÃO PRAÇA DAS BANDEIRAS E ENTORNO;REITORIA;FLÁVIA;DESENV PROJ; 2.000,00 ; REFORMA ;N
348;REITORIA- SPDA PARA O MUSEU DE CIÊNCIAS;REITORIA;FERNANDO;SUSPENSO- AGUARD DECISÃO UNIDADE; 2.000,00 ; REFORMA ;N
349;SG- REFORMA SECRETARIA GERAL;SG;EDILENE;SUSPENSO- AGUARD DECISÃO UNIDADE; 250,00 ; REFORMA ;N
350;SIARQ- NOVA SEDE;SIARQ;ADRIANA;LICIT OBRA; 3.000,00 ; OBRA NOVA ;S
351;STU- NOVA SEDE;STU;FLÁVIA;PROJ CONCL- AGUARD DECISÃO UNIDADE; 2.500,00 ; OBRA NOVA ;S
